Country,City,Circuit_Name,Circuit_Year,Location,Total_Races,Webpage,Circuit_Type
Australia,Adelaide,Adelaide Street Circuit,1981,Adelaide,2,https://www.formula1.com/en/racing/2024/Adelaide_Street_Circuit.html,Hybrid Circuit
Australia,Melbourne,Albert Park Circuit,2024,Melbourne,46,https://www.formula1.com/en/racing/2024/Albert_Park_Circuit.html,Hybrid Circuit
Austria,Spielberg,Red Bull Ring,1962,Spielberg,14,https://www.formula1.com/en/racing/2024/Red_Bull_Ring.html,Hybrid Circuit
Austria,Spielberg,Österreichring,1996,Spielberg,24,https://www.formula1.com/en/racing/2024/Österreichring.html,Permanent Circuit
Austria,Zeltweg,Zeltweg Airfield,2014,Zeltweg,26,https://www.formula1.com/en/racing/2024/Zeltweg_Airfield.html,Street Circuit
Azerbaijan,Baku,Baku City Circuit,2005,Baku,8,https://www.formula1.com/en/racing/2024/Baku_City_Circuit.html,Hybrid Circuit
Bahrain,Sakhir,Bahrain International Circuit,2018,Sakhir,48,https://www.formula1.com/en/racing/2024/Bahrain_International_Circuit.html,Street Circuit
Belgium,Stavelot,Circuit de Spa-Francorchamps,1999,Stavelot,7,https://www.formula1.com/en/racing/2024/Circuit_de_Spa-Francorchamps.html,Hybrid Circuit
Belgium,Heusden-Zolder,Circuit Zolder,1984,Heusden-Zolder,25,https://www.formula1.com/en/racing/2024/Circuit_Zolder.html,Permanent Circuit
Belgium,Nivelles,Nivelles-Baulers,1973,Nivelles,33,https://www.formula1.com/en/racing/2024/Nivelles-Baulers.html,Hybrid Circuit
Brazil,São Paulo,Autódromo José Carlos Pace,2004,São Paulo,48,https://www.formula1.com/en/racing/2024/Autódromo_José_Carlos_Pace.html,Permanent Circuit
Brazil,Rio de Janeiro,Autódromo Internacional Nelson Piquet,1991,Rio de Janeiro,40,https://www.formula1.com/en/racing/2024/Autódromo_Internacional_Nelson_Piquet.html,Permanent Circuit
Brazil,Curitiba,Autódromo Internacional de Curitiba,1981,Curitiba,43,https://www.formula1.com/en/racing/2024/Autódromo_Internacional_de_Curitiba.html,Permanent Circuit
Canada,Montreal,Circuit Gilles Villeneuve,2015,Montreal,25,https://www.formula1.com/en/racing/2024/Circuit_Gilles_Villeneuve.html,Hybrid Circuit
Canada,Bowmanville,Mosport International Raceway,1959,Bowmanville,26,https://www.formula1.com/en/racing/2024/Mosport_International_Raceway.html,Permanent Circuit
Canada,Mont-Tremblant,Circuit Mont-Tremblant,1962,Mont-Tremblant,17,https://www.formula1.com/en/racing/2024/Circuit_Mont-Tremblant.html,Permanent Circuit
China,Shanghai,Shanghai International Circuit,1987,Shanghai,1,https://www.formula1.com/en/racing/2024/Shanghai_International_Circuit.html,Permanent Circuit
France,Le Castellet,Circuit Paul Ricard,2015,Le Castellet,8,https://www.formula1.com/en/racing/2024/Circuit_Paul_Ricard.html,Hybrid Circuit
France,Magny-Cours,Circuit de Nevers Magny-Cours,1995,Magny-Cours,4,https://www.formula1.com/en/racing/2024/Circuit_de_Nevers_Magny-Cours.html,Hybrid Circuit
France,Reims,Reims-Gueux,1994,Reims,37,https://www.formula1.com/en/racing/2024/Reims-Gueux.html,Hybrid Circuit
France,Orival,Rouen-Les-Essarts,2003,Orival,29,https://www.formula1.com/en/racing/2024/Rouen-Les-Essarts.html,Permanent Circuit
France,Saint-Genès-Champanelle,Charade Circuit,1975,Saint-Genès-Champanelle,47,https://www.formula1.com/en/racing/2024/Charade_Circuit.html,Street Circuit
France,Prenois,Circuit de Dijon-Prenois,1952,Prenois,47,https://www.formula1.com/en/racing/2024/Circuit_de_Dijon-Prenois.html,Street Circuit
Germany,Hockenheim,Hockenheimring,1951,Hockenheim,30,https://www.formula1.com/en/racing/2024/Hockenheimring.html,Hybrid Circuit
Germany,Nürburg,Nürburgring,2002,Nürburg,42,https://www.formula1.com/en/racing/2024/Nürburgring.html,Hybrid Circuit
Germany,Berlin,AVUS,1988,Berlin,34,https://www.formula1.com/en/racing/2024/AVUS.html,Permanent Circuit
Great Britain,Silverstone,Silverstone Circuit,2004,Silverstone,5,https://www.formula1.com/en/racing/2024/Silverstone_Circuit.html,Hybrid Circuit
Great Britain,West Kingsdown,Brands Hatch,1964,West Kingsdown,13,https://www.formula1.com/en/racing/2024/Brands_Hatch.html,Hybrid Circuit
Great Britain,Aintree,Aintree Motor Racing Circuit,1958,Aintree,4,https://www.formula1.com/en/racing/2024/Aintree_Motor_Racing_Circuit.html,Permanent Circuit
Great Britain,Castle Donington,Donington Park,2007,Castle Donington,50,https://www.formula1.com/en/racing/2024/Donington_Park.html,Street Circuit
Hungary,Mogyoród,Hungaroring,2008,Mogyoród,3,https://www.formula1.com/en/racing/2024/Hungaroring.html,Street Circuit
India,Greater Noida,Buddh International Circuit,1963,Greater Noida,14,https://www.formula1.com/en/racing/2024/Buddh_International_Circuit.html,Street Circuit
Italy,Monza,Autodromo Nazionale Monza,1998,Monza,2,https://www.formula1.com/en/racing/2024/Autodromo_Nazionale_Monza.html,Permanent Circuit
Italy,Imola,Autodromo Enzo e Dino Ferrari,1970,Imola,28,https://www.formula1.com/en/racing/2024/Autodromo_Enzo_e_Dino_Ferrari.html,Permanent Circuit
Italy,Pescara,Pescara Circuit,2013,Pescara,31,https://www.formula1.com/en/racing/2024/Pescara_Circuit.html,Hybrid Circuit
Italy,Scarperia e San Piero,Mugello Circuit,2016,Scarperia e San Piero,19,https://www.formula1.com/en/racing/2024/Mugello_Circuit.html,Permanent Circuit
Japan,Suzuka,Suzuka International Racing Course,2021,Suzuka,29,https://www.formula1.com/en/racing/2024/Suzuka_International_Racing_Course.html,Permanent Circuit
Japan,Oyama,Fuji Speedway,2017,Oyama,4,https://www.formula1.com/en/racing/2024/Fuji_Speedway.html,Hybrid Circuit
Japan,Mimasaka,TI Circuit Aida,1955,Mimasaka,14,https://www.formula1.com/en/racing/2024/TI_Circuit_Aida.html,Hybrid Circuit
Mexico,Mexico City,Autódromo Hermanos Rodríguez,1981,Mexico City,12,https://www.formula1.com/en/racing/2024/Autódromo_Hermanos_Rodríguez.html,Street Circuit
Monaco,Monte Carlo,Circuit de Monaco,2008,Monte Carlo,25,https://www.formula1.com/en/racing/2024/Circuit_de_Monaco.html,Street Circuit
Netherlands,Zandvoort,Circuit Zandvoort,1953,Zandvoort,10,https://www.formula1.com/en/racing/2024/Circuit_Zandvoort.html,Permanent Circuit
Portugal,Estoril,Circuito do Estoril,1997,Estoril,14,https://www.formula1.com/en/racing/2024/Circuito_do_Estoril.html,Permanent Circuit
Portugal,Porto,Circuito da Boavista,1960,Porto,47,https://www.formula1.com/en/racing/2024/Circuito_da_Boavista.html,Street Circuit
Portugal,Lisbon,Circuito de Monsanto,1989,Lisbon,13,https://www.formula1.com/en/racing/2024/Circuito_de_Monsanto.html,Permanent Circuit
Portugal,Portimão,Algarve International Circuit,2002,Portimão,2,https://www.formula1.com/en/racing/2024/Algarve_International_Circuit.html,Hybrid Circuit
Qatar,Lusail,Lusail International Circuit,1995,Lusail,31,https://www.formula1.com/en/racing/2024/Lusail_International_Circuit.html,Street Circuit
Russia,Sochi,Sochi Autodrom,1964,Sochi,11,https://www.formula1.com/en/racing/2024/Sochi_Autodrom.html,Permanent Circuit
Saudi Arabia,Jeddah,Jeddah Corniche Circuit,1990,Jeddah,16,https://www.formula1.com/en/racing/2024/Jeddah_Corniche_Circuit.html,Hybrid Circuit
Singapore,Marina Bay,Marina Bay Street Circuit,1969,Marina Bay,43,https://www.formula1.com/en/racing/2024/Marina_Bay_Street_Circuit.html,Hybrid Circuit
South Africa,Midrand,Kyalami Grand Prix Circuit,1995,Midrand,40,https://www.formula1.com/en/racing/2024/Kyalami_Grand_Prix_Circuit.html,Permanent Circuit
South Africa,East London,Prince George Circuit,1950,East London,13,https://www.formula1.com/en/racing/2024/Prince_George_Circuit.html,Permanent Circuit
South Korea,Yeongam,Korea International Circuit,2017,Yeongam,21,https://www.formula1.com/en/racing/2024/Korea_International_Circuit.html,Hybrid Circuit
Spain,Montmeló,Circuit de Barcelona-Catalunya,2009,Montmeló,33,https://www.formula1.com/en/racing/2024/Circuit_de_Barcelona-Catalunya.html,Permanent Circuit
Spain,Jerez de la Frontera,Circuito de Jerez,2012,Jerez de la Frontera,32,https://www.formula1.com/en/racing/2024/Circuito_de_Jerez.html,Street Circuit
Spain,San Sebastián de los Reyes,Circuito del Jarama,1985,San Sebastián de los Reyes,3,https://www.formula1.com/en/racing/2024/Circuito_del_Jarama.html,Hybrid Circuit
Spain,Barcelona,Montjuïc Circuit,2013,Barcelona,10,https://www.formula1.com/en/racing/2024/Montjuïc_Circuit.html,Street Circuit
Spain,Barcelona,Pedralbes Circuit,1986,Barcelona,32,https://www.formula1.com/en/racing/2024/Pedralbes_Circuit.html,Street Circuit
Spain,Valencia,Valencia Street Circuit,1957,Valencia,48,https://www.formula1.com/en/racing/2024/Valencia_Street_Circuit.html,Street Circuit
Sweden,Anderstorp,Scandinavian Raceway,1951,Anderstorp,31,https://www.formula1.com/en/racing/2024/Scandinavian_Raceway.html,Permanent Circuit
Switzerland,Bern,Circuit Bremgarten,1994,Bern,43,https://www.formula1.com/en/racing/2024/Circuit_Bremgarten.html,Street Circuit
Turkey,Istanbul,Istanbul Park,2005,Istanbul,43,https://www.formula1.com/en/racing/2024/Istanbul_Park.html,Street Circuit
UAE,Abu Dhabi,Yas Marina Circuit,2017,Abu Dhabi,3,https://www.formula1.com/en/racing/2024/Yas_Marina_Circuit.html,Permanent Circuit
USA,Austin,Circuit of the Americas,2003,Austin,15,https://www.formula1.com/en/racing/2024/Circuit_of_the_Americas.html,Street Circuit
USA,Speedway,Indianapolis Motor Speedway,2023,Speedway,45,https://www.formula1.com/en/racing/2024/Indianapolis_Motor_Speedway.html,Hybrid Circuit
USA,Watkins Glen,Watkins Glen International,1997,Watkins Glen,7,https://www.formula1.com/en/racing/2024/Watkins_Glen_International.html,Street Circuit
USA,Long Beach,Long Beach Street Circuit,1988,Long Beach,1,https://www.formula1.com/en/racing/2024/Long_Beach_Street_Circuit.html,Permanent Circuit
USA,Detroit,Detroit Street Circuit,2008,Detroit,34,https://www.formula1.com/en/racing/2024/Detroit_Street_Circuit.html,Street Circuit
USA,Dallas,Dallas Fair Park,2004,Dallas,10,https://www.formula1.com/en/racing/2024/Dallas_Fair_Park.html,Permanent Circuit
USA,Phoenix,Phoenix Street Circuit,1983,Phoenix,7,https://www.formula1.com/en/racing/2024/Phoenix_Street_Circuit.html,Permanent Circuit
USA,Paradise,Caesars Palace Grand Prix Circuit,1993,Paradise,26,https://www.formula1.com/en/racing/2024/Caesars_Palace_Grand_Prix_Circuit.html,Street Circuit
USA,Miami Gardens,Miami International Autodrome,2023,Miami Gardens,29,https://www.formula1.com/en/racing/2024/Miami_International_Autodrome.html,Permanent Circuit
USA,Paradise,Las Vegas Strip Circuit,1993,Paradise,4,https://www.formula1.com/en/racing/2024/Las_Vegas_Strip_Circuit.html,Hybrid Circuit
