Driver Name,Constructor Name,Country,Image_URL
Alexander Albon,,,"https://imageio.forbes.com/specials-images/imageserve/6071a0068c78338c9341c1ef/0x0.jpg?format=jpg&crop=1080,1080,x0,y0,safe&height=416&width=416&fit=bounds"
Ayrton Senna,,,https://encrypted-tbn0.gstatic.com/images?q=tbn:ANd9GcSr75HgK1rWnXbk37PiVDlrLVrMTq_7Neqk8w&s
Jenson Button,,,https://cdn4.premiumread.com/?url=https://gulf-times.com/gulftimes/uploads/images/2024/02/28/146908.jpg&w=500&q=100&f=webp
George Russell,,,https://res.cloudinary.com/prod-f2f3/image/upload/v1587741264/f2/global/hall_of_fame/F2-HallFame_Russell.jpg
Daniel Ricciardo,,,"https://img.redbull.com/images/c_crop,x_831,y_0,h_2647,w_2117/c_fill,w_450,h_600/q_auto:low,f_auto/redbullcom/2018/05/27/c92ab59d-a642-43f1-a08a-b122f53ea7f0/daniel-ricciardo-triumf-monako-2018"
Valtteri Bottas,,,https://images.ps-aws.com/c?url=https%3A%2F%2Fd3cm515ijfiu6w.cloudfront.net%2Fwp-content%2Fuploads%2F2023%2F02%2F09075442%2Fvaltteri-bottas-2023-portrait.jpg
,Alpine,,https://encrypted-tbn0.gstatic.com/images?q=tbn:ANd9GcQyyGvYuDkA32p2GuZzcuXnO47TpcIUgXtCMg&s
,Haas,,https://encrypted-tbn0.gstatic.com/images?q=tbn:ANd9GcTfE4diQXOKlO1mv7VEH-x3W8Y0JSWpeu2YM1sZw7gChN8W78ahoixlDzJJFeLhtNAVzRw&usqp=CAU
,Alfa Romeo,,https://encrypted-tbn0.gstatic.com/images?q=tbn:ANd9GcSY6CNSE-TgXfsp8AwkaipsLs2TOsmWotSdpw&s
